define: prefix docs/atlas/app-services
define: base https://www.mongodb.com/${prefix}
define: versions master

# raw: <source file> -> ${base}/<destination>/
raw: ${prefix}/manage-apps/create/template-apps/ -> ${base}/template-apps/
raw: ${prefix}/manage-apps/create/template-apps/ -> ${base}/template-apps/
raw: ${prefix}/push-notifications/ -> ${base}/reference/push-notifications/
raw: ${prefix}/services/ -> ${base}/reference/services/

raw: ${prefix}/hosting/upload-content-to-realm/ -> ${base}/hosting/upload-content-to-app-services/
raw: ${prefix}/sync/configure-realm-sync/ -> ${base}/sync/configure-device-sync/
raw: ${prefix}/manage-apps/delete/delete-with-realm-ui/ -> ${base}/manage-apps/delete/delete-with-ui/
raw: ${prefix}/manage-apps/configure/export-realm-app/ -> ${base}/manage-apps/configure/export-app/
raw: ${prefix}/manage-apps/configure/update-realm-app/ -> ${base}/manage-apps/configure/update-app/
raw: ${prefix}/manage-apps/configure/copy-realm-app/ -> ${base}/manage-apps/configure/copy-app/
raw: ${prefix}/manage-apps/configure/export/export-with-realm-ui/ -> ${base}/manage-apps/configure/export/export-with-ui/
raw: ${prefix}/manage-apps/create/create-with-realm-ui/ -> ${base}/manage-apps/create/create-with-ui/

raw: ${prefix}/endpoints -> ${base}/data-api/custom-endpoints/
raw: ${prefix}/endpoints/configure -> ${base}/data-api/custom-endpoints/

raw: ${prefix}/reference/cli-auth-with-api-token -> ${base}/cli/

raw: ${prefix}/triggers/overview -> ${base}/triggers/
raw: ${prefix}/triggers/examples/resume-a-suspended-trigger -> ${base}/triggers/database-triggers/
raw: ${prefix}/triggers/examples/disable-a-trigger -> ${base}/triggers/disable-a-trigger/
raw: ${prefix}/triggers/examples/create-a-database-trigger -> ${base}/triggers/database-triggers/
raw: ${prefix}/triggers/examples/create-a-authentication-trigger -> ${base}/triggers/authentication-triggers/
raw: ${prefix}/triggers/examples/create-a-scheduled-trigger -> ${base}/triggers/scheduled-triggers/
raw: ${prefix}/triggers/examples/send-events-aws-eventbridge -> ${base}/triggers/aws-eventbridge/
raw: ${prefix}/triggers/examples/store-new-users-in-mongodb -> ${base}/triggers/authentication-triggers/
raw: ${prefix}/triggers/examples -> ${base}/triggers/

# get-started refresh
raw: ${prefix}/tutorial/jwt -> ${base}/authentication/custom-jwt/
raw: ${prefix}/template-apps -> ${base}/reference/template-apps/

raw: ${prefix}/sync/learn/conflict-resolution -> ${base}/sync/details/conflict-resolution/
raw: ${prefix}/sync/learn/protocol -> ${base}/sync/details/protocol/
raw: ${prefix}/sync/learn/overview -> ${base}/sync/get-started/
raw: ${prefix}/sync/learn -> ${base}/sync/
raw: ${prefix}/sync/production-load-testing -> ${base}/sync/go-to-production/production-load-testing/

# Remove Realm Release Notes
raw: ${prefix}/release-notes/dotnet -> https://github.com/realm/realm-dotnet/releases
raw: ${prefix}/release-notes/java -> https://github.com/realm/realm-java/blob/releases/CHANGELOG.md
raw: ${prefix}/release-notes/javascript -> https://github.com/realm/realm-js/releases
raw: ${prefix}/release-notes/studio -> https://github.com/realm/realm-studio/releases
raw: ${prefix}/release-notes/swift -> https://github.com/realm/realm-swift/releases

raw: ${prefix}/sync/data-access-patterns/partitions -> ${base}/reference/partition-based-sync/
raw: ${prefix}/sync/data-access-patterns/sync-mode -> ${base}/sync/configure/enable-sync/

raw: ${prefix}/sync/configure/compact-disk -> ${base}/sync/go-to-production/compact-disk/
raw: ${prefix}/sync/configure/optimize-sync-atlas-usage -> ${base}/sync/go-to-production/optimize-sync-atlas-usage/
raw: ${prefix}/sync/configure/alter-sync-configuration -> ${base}/sync/configure/enable-sync/
raw: ${prefix}/sync/configure/queryable-fields -> ${base}/sync/configure/sync-settings/
raw: ${prefix}/sync/data-model/development-mode -> ${base}/sync/configure/sync-settings/

raw: ${prefix}/sync/data-access-patterns/flexible-sync-permissions-guide -> ${base}/sync/app-builder/flexible-sync-permissions-guide/
raw: ${prefix}/sync/data-access-patterns/permissions -> ${base}/sync/configure/permissions/
raw: ${prefix}/sync/data-access-patterns -> ${base}/sync/configure/sync-settings/
raw: ${prefix}/sync/data-access-patterns/flexible-sync -> ${base}/sync/configure/sync-settings/
raw: ${prefix}/sync/data-model/development-mode -> ${base}/sync/configure/sync-settings/

raw: ${prefix}/sync/local-to-sync -> ${base}/sync/app-builder/local-to-sync/
raw: ${prefix}/sync/configure/flexible-sync-permissions-guide -> ${base}/sync/app-builder/flexible-sync-permissions-guide/
raw: ${prefix}/sync/event-library -> ${base}/sync/app-builder/event-library/
raw: ${prefix}/migrate -> https://mongodb.com/docs/realm/migrate/
raw: ${prefix}/stitch -> https://mongodb.com/docs/realm/stitch/

# (DOCSP-26941) App Configuration Files Reference
raw: ${prefix}/manage-apps/configure/config -> ${base}/reference/config/
raw: ${prefix}/manage-apps/configure/config/app -> ${base}/reference/config/app/
raw: ${prefix}/manage-apps/configure/config/auth -> ${base}/reference/config/auth/
raw: ${prefix}/manage-apps/configure/config/data_sources -> ${base}/reference/config/data_sources/
raw: ${prefix}/manage-apps/configure/config/environments -> ${base}/reference/config/environments/
raw: ${prefix}/manage-apps/configure/config/functions -> ${base}/reference/config/functions/
raw: ${prefix}/manage-apps/configure/config/graphql -> ${base}/reference/config/graphql/
raw: ${prefix}/manage-apps/configure/config/hosting -> ${base}/reference/config/hosting/
raw: ${prefix}/manage-apps/configure/config/http_endpoints -> ${base}/reference/config/http_endpoints/
raw: ${prefix}/manage-apps/configure/config/legacy -> ${base}/reference/config/legacy/
raw: ${prefix}/manage-apps/configure/config/log_forwarders -> ${base}/reference/config/log_forwarders/
raw: ${prefix}/manage-apps/configure/config/services -> ${base}/reference/config/services/
raw: ${prefix}/manage-apps/configure/config/sync -> ${base}/reference/config/sync/
raw: ${prefix}/manage-apps/configure/config/template-expansions -> ${base}/reference/config/template-expansions/
raw: ${prefix}/manage-apps/configure/config/triggers -> ${base}/reference/config/triggers/
raw: ${prefix}/manage-apps/configure/config/values -> ${base}/reference/config/values/

# (DOCSP-26916) [Section] Develop & Deploy Apps
raw: ${prefix}/manage-apps/configure -> ${base}/apps/
raw: ${prefix}/manage-apps/deploy -> ${base}/apps/deploy/
raw: ${prefix}/manage-apps -> ${base}/apps/

# (DOCSP-26917) [Port] Create an App (/apps/create)
raw: ${prefix}/manage-apps/create -> ${base}/apps/create/
raw: ${prefix}/manage-apps/create/create-with-api -> ${base}/apps/create/
raw: ${prefix}/manage-apps/create/create-with-cli -> ${base}/apps/create/
raw: ${prefix}/manage-apps/create/create-with-ui -> ${base}/apps/create/

# (DOCSP-26919) [Port] Copy an App (/apps/copy)
raw: ${prefix}/manage-apps/configure/copy-app -> ${base}/apps/copy/

# (DOCSP-26918) [Port] Update an App (/apps/update)
raw: ${prefix}/manage-apps/configure/update-app -> ${base}/apps/update/
raw: ${prefix}/manage-apps/deploy/deployment-draft -> ${base}/apps/update/
raw: ${prefix}/manage-apps/deploy/disable-deployment-drafts -> ${base}/apps/update/
raw: ${prefix}/manage-apps/deploy/manual/deploy-api -> ${base}/apps/update/
raw: ${prefix}/manage-apps/deploy/manual/deploy-cli -> ${base}/apps/update/
raw: ${prefix}/manage-apps/deploy/manual/deploy-ui -> ${base}/apps/update/
raw: ${prefix}/manage-apps/deploy/automated -> ${base}/apps/deploy/
raw: ${prefix}/manage-apps/deploy/manual -> ${base}/apps/deploy/
raw: ${prefix}/manage-apps/deploy/automated/sdlc -> ${base}/apps/cicd/
raw: ${prefix}/manage-apps/deploy/automated/deploy-automatically-with-github -> ${base}/apps/deploy-github/
raw: ${prefix}/manage-apps/deploy/deployment-models-and-regions -> ${base}/apps/deployment-models-and-regions/
raw: ${prefix}/manage-apps/deploy/manual/rollback-deployment -> ${base}/apps/rollback/

# (DOCSP-27250) [Port] Delete an App (/apps/delete)
raw: ${prefix}/manage-apps/delete -> ${base}/apps/delete/
raw: ${prefix}/manage-apps/delete/delete-with-api -> ${base}/apps/delete/
raw: ${prefix}/manage-apps/delete/delete-with-cli -> ${base}/apps/delete/
raw: ${prefix}/manage-apps/delete/delete-with-ui -> ${base}/apps/delete/

# (DOCSP-27447) [Port] Export an App (/apps/export)
raw: ${prefix}/manage-apps/configure/export-app -> ${base}/apps/export/
raw: ${prefix}/manage-apps/configure/export/export-with-api -> ${base}/apps/export/
raw: ${prefix}/manage-apps/configure/export/export-with-cli -> ${base}/apps/export/
raw: ${prefix}/manage-apps/configure/export/export-with-ui -> ${base}/apps/export/

# (DOCSP-26923) [Port] Configure an App Environment (/apps/environment)
raw: ${prefix}/manage-apps/configure/change-environments -> ${base}/apps/environment/
raw: ${prefix}/manage-apps/configure/environments -> ${base}/apps/environment/
raw: ${prefix}/values-and-secrets/define-environment-values -> ${base}/apps/environment/

# (DOCSP-27468) [Port] Get App Metadata (/apps/metadata)
raw: ${prefix}/reference/find-your-project-or-app-id -> ${base}/apps/metadata/

# (DOCSP-26922) [Port] Develop & Deploy Apps (/apps)
raw: ${prefix}/apps/deploy -> ${base}/apps/

# (DOCSP-26932) [Move] Authentication Providers (/authentication)
raw: ${prefix}/authentication/providers -> ${base}/authentication/

# (DOCSP-24017) App Services IA Refresh
raw: ${prefix}/authentication -> ${base}/users/
raw: ${prefix}/authentication/user-objects -> ${base}/users/read-metadata/
raw: ${prefix}/users/find-and-view -> ${base}/users/read-metadata/
raw: ${prefix}/users/delete-or-revoke -> ${base}/users/manage/
raw: ${prefix}/users/enable-custom-user-data -> ${base}/users/custom-metadata/
raw: ${prefix}/users/enable-user-metadata -> ${base}/users/custom-metadata/
raw: ${prefix}/apps/secure -> ${base}/security/
raw: ${prefix}/mongodb/define-roles-and-permissions -> ${base}/rules/roles/
raw: ${prefix}/mongodb/filter-incoming-queries -> ${base}/rules/filters/

# (DOCSP-26939) [Section] Monitor App Activity
raw: ${prefix}/alerts -> ${base}/activity/alerts/
raw: ${prefix}/logs/forward-logs -> ${base}/activity/forward-logs/
raw: ${prefix}/logs/logs-ui -> ${base}/activity/view-logs/
raw: ${prefix}/logs/cli -> ${base}/activity/view-logs/
raw: ${prefix}/logs/api -> ${base}/activity/view-logs/

# API Auth Improvements
raw: ${prefix}/reference/authenticate-http-client-requests -> ${base}/data-api/authenticate/

# (DOCSP-24017) App Services IA Refresh
## (DOCSP-26941) App Configuration Files Reference
raw: ${prefix}/manage-apps/configure/config -> ${base}/reference/config/
raw: ${prefix}/manage-apps/configure/config/app -> ${base}/reference/config/app/
raw: ${prefix}/manage-apps/configure/config/auth -> ${base}/reference/config/auth/
raw: ${prefix}/manage-apps/configure/config/data_sources -> ${base}/reference/config/data_sources/
raw: ${prefix}/manage-apps/configure/config/environments -> ${base}/reference/config/environments/
raw: ${prefix}/manage-apps/configure/config/functions -> ${base}/reference/config/functions/
raw: ${prefix}/manage-apps/configure/config/graphql -> ${base}/reference/config/graphql/
raw: ${prefix}/manage-apps/configure/config/hosting -> ${base}/reference/config/hosting/
raw: ${prefix}/manage-apps/configure/config/http_endpoints -> ${base}/reference/config/http_endpoints/
raw: ${prefix}/manage-apps/configure/config/legacy -> ${base}/reference/config/legacy/
raw: ${prefix}/manage-apps/configure/config/log_forwarders -> ${base}/reference/config/log_forwarders/
raw: ${prefix}/manage-apps/configure/config/services -> ${base}/reference/config/services/
raw: ${prefix}/manage-apps/configure/config/sync -> ${base}/reference/config/sync/
raw: ${prefix}/manage-apps/configure/config/template-expansions -> ${base}/reference/config/template-expansions/
raw: ${prefix}/manage-apps/configure/config/triggers -> ${base}/reference/config/triggers/
raw: ${prefix}/manage-apps/configure/config/values -> ${base}/reference/config/values/
## (DOCSP-26916) [Section] Develop & Deploy Apps
raw: ${prefix}/manage-apps/configure -> ${base}/apps/
raw: ${prefix}/manage-apps/deploy -> ${base}/apps/deploy/
raw: ${prefix}/manage-apps -> ${base}/apps/
## (DOCSP-26917) [Port] Create an App (/apps/create)
raw: ${prefix}/manage-apps/create -> ${base}/apps/create/
raw: ${prefix}/manage-apps/create/create-with-api -> ${base}/apps/create/
raw: ${prefix}/manage-apps/create/create-with-cli -> ${base}/apps/create/
raw: ${prefix}/manage-apps/create/create-with-ui -> ${base}/apps/create/
## (DOCSP-26919) [Port] Copy an App (/apps/copy)
raw: ${prefix}/manage-apps/configure/copy-app -> ${base}/apps/copy/
## (DOCSP-26918) [Port] Update an App (/apps/update)
raw: ${prefix}/manage-apps/configure/update-app -> ${base}/apps/update/
raw: ${prefix}/manage-apps/deploy/deployment-draft -> ${base}/apps/update/
raw: ${prefix}/manage-apps/deploy/disable-deployment-drafts -> ${base}/apps/update/
raw: ${prefix}/manage-apps/deploy/manual/deploy-api -> ${base}/apps/update/
raw: ${prefix}/manage-apps/deploy/manual/deploy-cli -> ${base}/apps/update/
raw: ${prefix}/manage-apps/deploy/manual/deploy-ui -> ${base}/apps/update/
raw: ${prefix}/manage-apps/deploy/automated -> ${base}/apps/deploy/
raw: ${prefix}/manage-apps/deploy/manual -> ${base}/apps/deploy/
raw: ${prefix}/manage-apps/deploy/automated/sdlc -> ${base}/apps/cicd/
raw: ${prefix}/manage-apps/deploy/automated/deploy-automatically-with-github -> ${base}/apps/deploy-github/
raw: ${prefix}/manage-apps/deploy/deployment-models-and-regions -> ${base}/apps/deployment-models-and-regions/
raw: ${prefix}/manage-apps/deploy/manual/rollback-deployment -> ${base}/apps/rollback/
## (DOCSP-27250) [Port] Delete an App (/apps/delete)
raw: ${prefix}/manage-apps/delete -> ${base}/apps/delete/
raw: ${prefix}/manage-apps/delete/delete-with-api -> ${base}/apps/delete/
raw: ${prefix}/manage-apps/delete/delete-with-cli -> ${base}/apps/delete/
raw: ${prefix}/manage-apps/delete/delete-with-ui -> ${base}/apps/delete/
## (DOCSP-27447) [Port] Export an App (/apps/export)
raw: ${prefix}/manage-apps/configure/export-app -> ${base}/apps/export/
raw: ${prefix}/manage-apps/configure/export/export-with-api -> ${base}/apps/export/
raw: ${prefix}/manage-apps/configure/export/export-with-cli -> ${base}/apps/export/
raw: ${prefix}/manage-apps/configure/export/export-with-ui -> ${base}/apps/export/
## (DOCSP-26923) [Port] Configure an App Environment (/apps/environment)
raw: ${prefix}/manage-apps/configure/change-environments -> ${base}/apps/environment/
raw: ${prefix}/manage-apps/configure/environments -> ${base}/apps/environment/
raw: ${prefix}/values-and-secrets/define-environment-values -> ${base}/apps/environment/
## (DOCSP-27468) [Port] Get App Metadata (/apps/metadata)
raw: ${prefix}/reference/find-your-project-or-app-id -> ${base}/apps/metadata/
## (DOCSP-26922) [Port] Develop & Deploy Apps (/apps)
raw: ${prefix}/apps/deploy -> ${base}/apps/
## (DOCSP-26932) [Move] Authentication Providers (/authentication)
raw: ${prefix}/authentication/providers -> ${base}/authentication/
## (DOCSP-26927): [Section] Authenticate & Manage Users
raw: ${prefix}/authentication -> ${base}/users/
raw: ${prefix}/authentication/user-objects -> ${base}/users/read-metadata/
## (DOCSP-26929): [Port] Read User Metadata (/users/read-metadata)
raw: ${prefix}/users/find-and-view -> ${base}/users/read-metadata/
## (DOCSP-26931): [Port] Manage User Accounts (/users/manage)
raw: ${prefix}/users/delete-or-revoke -> ${base}/users/manage/
## (DOCSP-26930): IA Refresh '[Port] Define Custom User Metadata
raw: ${prefix}/users/enable-custom-user-data -> ${base}/users/custom-metadata/
raw: ${prefix}/users/enable-user-metadata -> ${base}/users/custom-metadata/
## (DOCSP-26933): IA refresh '[Section] Secure Your App (/security)
raw: ${prefix}/apps/secure -> ${base}/security/
## (DOCSP-26934): IA Refresh '[Port] Define Data Access Permissions (/rules)
raw: ${prefix}/rules/expressions -> ${base}/rules/
raw: ${prefix}/rules/examples -> ${base}/rules/
raw: ${prefix}/mongodb/define-roles-and-permissions -> ${base}/rules/roles/
raw: ${prefix}/mongodb/filter-incoming-queries -> ${base}/rules/filters/
## (DOCSP-26936): IA Refresh '[Port] Configure Network Security (/security/network)
raw: ${prefix}/manage-apps/secure/manage-ip-access -> ${base}/security/network/
## (DOCSP-26939) [Section] Monitor App Activity
raw: ${prefix}/alerts -> ${base}/activity/alerts/
raw: ${prefix}/logs/forward-logs -> ${base}/activity/forward-logs/
raw: ${prefix}/logs/logs-ui -> ${base}/activity/view-logs/
raw: ${prefix}/logs/cli -> ${base}/activity/view-logs/
raw: ${prefix}/logs/api -> ${base}/activity/view-logs/

raw: ${prefix}/sync/app-builder/flexible-sync-permissions-guide -> ${base}/sync/app-builder/device-sync-permissions-guide/
raw: ${prefix}/sync/configure/permissions -> ${base}/rules/roles/

## (DOCSP-28344): Update Option for CLI Push (hide CLI V1 reference page from TOC)
raw: ${prefix}/cli/realm-cli-reference-v1 -> ${base}/cli/realm-cli-reference-v1/index/

## (DOP-3584): Redirect weird URL that doesn't exist
raw: docs/atlas/app-servicesAtlas%20App%20Services -> ${base}/

raw: ${prefix}/manage-apps/secure -> ${base}/security/

## (DOCSP-30776): Make "Tiered Device Sync" page public and change its name
## (DOCSP-32967): Make "Edge Server" page a section
raw: ${prefix}/sync/app-builder/tiered-device-sync/index -> ${base}/edge-server/
raw: ${prefix}/sync/app-builder/edge-server/ -> ${base}/edge-server/

# realm-cli -> appservices-cli
# (DOCSP-41342): Fix broken realm-cli redirects to point to /v2 directory
raw: ${prefix}/cli/realm-cli-accessList-create -> ${base}/realm-cli/v2/realm-cli-accessList-create/
raw: ${prefix}/cli/realm-cli-accessList-delete -> ${base}/realm-cli/v2/realm-cli-accessList-delete/
raw: ${prefix}/cli/realm-cli-accessList-list -> ${base}/realm-cli/v2/realm-cli-accessList-list/
raw: ${prefix}/cli/realm-cli-accessList-update -> ${base}/realm-cli/v2/realm-cli-accessList-update/
raw: ${prefix}/cli/realm-cli-accessList -> ${base}/realm-cli/v2/realm-cli-accessList/
raw: ${prefix}/cli/realm-cli-apps-create -> ${base}/realm-cli/v2/realm-cli-apps-create/
raw: ${prefix}/cli/realm-cli-apps-delete -> ${base}/realm-cli/v2/realm-cli-apps-delete/
raw: ${prefix}/cli/realm-cli-apps-describe -> ${base}/realm-cli/v2/realm-cli-apps-describe/
raw: ${prefix}/cli/realm-cli-apps-diff -> ${base}/realm-cli/v2/realm-cli-apps-diff/
raw: ${prefix}/cli/realm-cli-apps-init -> ${base}/realm-cli/v2/realm-cli-apps-init/
raw: ${prefix}/cli/realm-cli-apps-list -> ${base}/realm-cli/v2/realm-cli-apps-list/
raw: ${prefix}/cli/realm-cli-apps -> ${base}/realm-cli/v2/realm-cli-apps/
raw: ${prefix}/cli/realm-cli-function-run -> ${base}/realm-cli/v2/realm-cli-function-run/
raw: ${prefix}/cli/realm-cli-function -> ${base}/realm-cli/v2/realm-cli-function/
raw: ${prefix}/cli/realm-cli-login -> ${base}/realm-cli/v2/realm-cli-login/
raw: ${prefix}/cli/realm-cli-logout -> ${base}/realm-cli/v2/realm-cli-logout/
raw: ${prefix}/cli/realm-cli-logs-list -> ${base}/realm-cli/v2/realm-cli-logs-list/
raw: ${prefix}/cli/realm-cli-logs -> ${base}/realm-cli/v2/realm-cli-logs/
raw: ${prefix}/cli/realm-cli-pull -> ${base}/realm-cli/v2/realm-cli-pull/
raw: ${prefix}/cli/realm-cli-push -> ${base}/realm-cli/v2/realm-cli-push/
raw: ${prefix}/cli/realm-cli-schema-datamodels -> ${base}/realm-cli/v2/realm-cli-schema-datamodels/
raw: ${prefix}/cli/realm-cli-schema -> ${base}/realm-cli/v2/realm-cli-schema/
raw: ${prefix}/cli/realm-cli-secrets-create -> ${base}/realm-cli/v2/realm-cli-secrets-create/
raw: ${prefix}/cli/realm-cli-secrets-delete -> ${base}/realm-cli/v2/realm-cli-secrets-delete/
raw: ${prefix}/cli/realm-cli-secrets-list -> ${base}/realm-cli/v2/realm-cli-secrets-list/
raw: ${prefix}/cli/realm-cli-secrets-update -> ${base}/realm-cli/v2/realm-cli-secrets-update/
raw: ${prefix}/cli/realm-cli-secrets -> ${base}/realm-cli/v2/realm-cli-secrets/
raw: ${prefix}/cli/realm-cli-users-create -> ${base}/realm-cli/v2/realm-cli-users-create/
raw: ${prefix}/cli/realm-cli-users-delete -> ${base}/realm-cli/v2/realm-cli-users-delete/
raw: ${prefix}/cli/realm-cli-users-disable -> ${base}/realm-cli/v2/realm-cli-users-disable/
raw: ${prefix}/cli/realm-cli-users-enable -> ${base}/realm-cli/v2/realm-cli-users-enable/
raw: ${prefix}/cli/realm-cli-users-list -> ${base}/realm-cli/v2/realm-cli-users-list/
raw: ${prefix}/cli/realm-cli-users-revoke -> ${base}/realm-cli/v2/realm-cli-users-revoke/
raw: ${prefix}/cli/realm-cli-users -> ${base}/realm-cli/v2/realm-cli-users/
raw: ${prefix}/cli/realm-cli-whoami -> ${base}/realm-cli/v2/realm-cli-whoami/

raw: ${prefix}/cli/realm-cli-reference-v1 -> ${base}/realm-cli/v1/
raw: ${prefix}/cli/realm-cli-reference-v1/index -> ${base}/realm-cli/v1/

# Return to using tutorials instead of get started
raw: ${prefix}/get-started -> ${base}/tutorials/

# Sync Schema Migration
raw: ${prefix}/sync/data-model/migrate-schema-partner-collection -> ${base}/sync/data-model/update-data-model/migrate-schema-partner-collection/
raw: ${prefix}/sync/data-model/create-a-schema -> ${base}/sync/data-model/define-data-model/create-a-schema/
raw: ${prefix}/sync/data-model/generate-sdk-models -> ${base}/sync/data-model/define-data-model/generate-sdk-models/
